catalog_number,title,country,year
CDW47383,Sonic Jihad,Canada,2000
9 25839-2,Ancient Heart,US,
9 26644-2,Play,US,1991
9 25619-1,Never Let Me Go,US,1987
CDW47966,Reptile,Canada,2001
9 22306-1,The Jimi Hendrix Concerts,US,1982
9 26980-2,Handel's Messiah,US,1992
9 26519-1,Stress,US,1990
CDW47388,Title of Record,Canada,1999
9 26391-2,Twenty 1,US,1991
9 18069-2,We Run,US,1994
9 25718-2,Vonda Shepard,US,1989
CDW48016,Always Got Tonight,Canada,2002
CDW45024,Unplugged,Canada,1992
9 16889-4,Take A Picture,US,2000
9 17266-2,Only If,US,1997
CDW46046,Insomniac,Canada,1995
CDW46012,Ether,Canada,1996
CDW45934,Mirror Ball,Canada,2012
9 17503-2,Never Again,US,1996
CDW47282,Summerteeth,Canada,1999
9 17174-2,One Week,US,1998
